game_id,t1_player1,t1_player2,t1_player3,t1_player4,t2_player1,t2_player2,t2_player3,t2_player4,t1_points,t2_points,tiebreaker
1,Jagt,Simo,Charles,,Ethan,Beef,Connor,,2,1,
2,Jagt,Simo,Charles,,Ethan,Beef,Connor,,2,1,
3,Jagt,Simo,Charles,,Ethan,Beef,Connor,,2,1,
4,Jagt,Simo,Charles,,Charlie,KJ,Trevor,,2,1,
5,Ethan,Beef,Connor,,Charlie,KJ,Trevor,,2,1,
6,KJ,Charles,Beef,,Charlie,Trevor,Ethan,,2,1,
7,KJ,Charles,Beef,,Charlie,Trevor,Ethan,,2,1,
8,KJ,Charles,Beef,,Simo,Jagt,Connor,,0,3,
9,KJ,Charles,Beef,,Simo,Jagt,Connor,,1,2,
10,Charlie,Trevor,Ethan,,Simo,Jagt,Connor,,2,1,
11,Charlie,Trevor,Ethan,,Simo,Jagt,Connor,,2,1,
12,Charles,Charlie,Trevor,Jagt,Connor,Simo,Ethan,KJ,2,3,
13,Charles,Charlie,Trevor,Jagt,Connor,Simo,Ethan,KJ,3,1,
14,Charles,Charlie,Trevor,Jagt,Connor,Simo,Ethan,KJ,1,0,1
15,Ethan,Charles,Charlie,Trevor,KJ,Jagt,Simo,Connor,5,2,
16,Simo,Charlie,Trevor,Connor,Jagt,Ethan,KJ,Charles,5,3,
17,Simo,Charles,Charlie,,Beef,Jagt,Ethan,KJ,3,2,
18,Simo,Charles,Charlie,,Beef,Jagt,Ethan,KJ,3,1,
19,Beef,Charles,Ethan,,KJ,Jagt,Simo,Charlie,2,3,
20,Beef,Charles,Ethan,,KJ,Jagt,Simo,Charlie,0,3,
21,Beef,Jagt,Simo,,Charlie,Charles,Ethan,KJ,3,1,
22,Beef,Jagt,Simo,,Charlie,Charles,Ethan,KJ,2,3,
23,Beef,Jagt,Simo,,Charlie,Charles,Ethan,KJ,1,0,1
24,Jagt,Charlie,Charles,Beef,Simo,Ethan,KJ,,3,2,
25,Jagt,Charlie,Charles,,Simo,Ethan,KJ,,3,1,
26,Simo,Jagt,Charlie,,KJ,Charles,Trevor,,2,3,
27,Simo,Jagt,Charlie,,KJ,Charles,Trevor,,2,3,
28,Charles,Simo,KJ,,Jagt,Trevor,Charlie,,2,3,
29,Charles,Simo,KJ,,Jagt,Trevor,Charlie,,3,2,
30,Charles,Simo,KJ,,Jagt,Trevor,Charlie,,1,0,1
31,Trevor,Charles,Jagt,,Simo,Charlie,KJ,,1,3,
32,Trevor,Charles,Jagt,,Simo,Charlie,KJ,,3,2,
33,Trevor,Charles,Jagt,,Simo,Charlie,KJ,,1,0,1
34,Trevor,Charles,Charlie,,Jagt,Simo,KJ,,1,3,
35,Trevor,Charles,Charlie,,Jagt,Simo,KJ,,1,3,
36,Beef,Charlie,Connor,,Simo,Ethan,Trevor,,1,3,
37,Beef,Charlie,Connor,,Simo,Ethan,Trevor,,3,2,
38,Beef,Charlie,Connor,,Simo,Ethan,Trevor,,0,1,
39,Beef,Trevor,Charlie,,Simo,Ethan,Connor,,1,3,
40,Beef,Trevor,Charlie,,Simo,Ethan,Connor,,2,3,
41,Beef,Ryan,Ethan,Connor,Simo,Charles,Trevor,KJ,3,0,
42,Beef,Ryan,Ethan,Connor,Simo,Charles,Trevor,KJ,3,1,
43,Beef,Ryan,Ethan,Connor,Simo,Charles,Trevor,KJ,2,3,
44,Beef,Ryan,Ethan,Connor,Simo,Charles,Trevor,KJ,1,0,1
45,Ryan,Charles,KJ,Connor,Beef,Simo,Trevor,Ethan,3,2,
46,Ryan,Charles,KJ,Connor,Beef,Simo,Trevor,Ethan,2,3,
47,Beef,Charles,Ethan,Connor,Simo,Ryan,KJ,Trevor,1,3,
48,Beef,Charles,Ethan,Connor,Simo,Ryan,KJ,Trevor,3,2,
49,Beef,Charles,Ethan,Connor,Simo,Ryan,KJ,Trevor,1,0,1
50,Ryan,Beef,Trevor,KJ,Simo,Charles,Connor,Ethan,3,2,
51,Ryan,Beef,Trevor,KJ,Simo,Charles,Connor,Ethan,3,2,
52,Beef,Charles,Trevor,KJ,Connor,Simo,Ryan,Ethan,5,3,
53,Beef,Charles,Connor,,Simo,Ryan,Trevor,,2,3,
54,Beef,Charles,Connor,,Simo,Ryan,Trevor,,2,3,
55,Beef,Simo,Charles,,Ryan,Trevor,Connor,,3,2,
56,Beef,Simo,Charles,,Ryan,Trevor,Connor,,3,2,
57,Beef,Ryan,Connor,,Simo,Charles,Trevor,,1,3,
58,Beef,Ryan,Connor,,Simo,Charles,Trevor,,3,2,
59,Beef,Ryan,Connor,,Simo,Charles,Trevor,,0,1,1
60,Simo,Charles,Ryan,,Beef,Connor,Trevor,,3,2,
61,Simo,Charles,Ryan,,Beef,Connor,Trevor,,3,2,
62,Ryan,Charles,Connor,,Beef,Trevor,Simo,,3,1,
63,Ryan,Charles,Connor,,Beef,Trevor,Simo,,3,2,
64,Ryan,Beef,Trevor,,Simo,Charles,Connor,,3,2,
65,Ryan,Beef,Trevor,,Simo,Charles,Connor,,1,3,
66,Ryan,Beef,Trevor,,Simo,Charles,Connor,,0,1,1
67,Simo,Connor,Trevor,,Beef,Charles,Ryan,,3,2,
68,Simo,Connor,Trevor,,Beef,Charles,Ryan,,2,3,
69,Simo,Connor,Trevor,,Beef,Charles,Ryan,,0,1,1
70,Beef,Ryan,Ethan,,Jagt,Simo,Connor,,1,3,
71,Beef,Ryan,Ethan,,Jagt,Simo,Connor,,3,2,
72,Beef,Ryan,Ethan,,Jagt,Simo,Connor,,0,1,1
73,Beef,Simo,Ethan,,Ryan,Jagt,Connor,,3,0,
74,Beef,Simo,Ethan,,Ryan,Jagt,Connor,,2,3,
75,Beef,Simo,Ethan,,Ryan,Jagt,Connor,,0,1,1
76,Ryan,Beef,Jagt,,Simo,Ethan,Connor,,2,3,
77,Ryan,Beef,Jagt,,Simo,Ethan,Connor,,3,0,
78,Ryan,Beef,Jagt,,Simo,Ethan,Connor,,0,1,1
79,Ryan,Beef,Connor,,Simo,Ethan,Jagt,,5,2,
80,Beef,Ryan,Jagt,,Simo,Charlie,Connor,,3,0,
81,Beef,Ryan,Jagt,,Simo,Charlie,Connor,,2,3,
82,Beef,Ryan,Jagt,,Simo,Charlie,Connor,,0,1,
83,Beef,Simo,Charlie,,Jagt,Ryan,Connor,,3,2,
84,Beef,Simo,Charlie,,Jagt,Ryan,Connor,,2,3,
85,Beef,Simo,Charlie,,Jagt,Ryan,Connor,,0,1,1
86,Ryan,Beef,Connor,,Simo,Jagt,Charlie,,3,2,
87,Ryan,Beef,Connor,,Simo,Jagt,Charlie,,3,2,
88,Ryan,Simo,Charlie,,Beef,Jagt,Connor,,3,0,
89,Jagt,Simo,Charlie,Ryan,Beef,Charles,KJ,Connor,3,1,
90,Jagt,Simo,Charlie,Ryan,Beef,Charles,KJ,Connor,3,1,
91,Beef,Ryan,Jagt,KJ,Simo,Charlie,Charles,Connor,2,3,
92,Beef,Ryan,Jagt,KJ,Simo,Charlie,Charles,Connor,1,3,
93,Ryan,Beef,Connor,Charlie,Simo,Jagt,Charles,KJ,3,1,
94,Ryan,Beef,Connor,Charlie,Simo,Jagt,Charles,KJ,3,2,
95,Charles,Ryan,Beef,KJ,Simo,Jagt,Charlie,Connor,3,3,
96,Charles,Ryan,Beef,KJ,Simo,Jagt,Charlie,Connor,2,2,
97,Charles,Ryan,Beef,KJ,Simo,Jagt,Charlie,Connor,0,1,1
98,Ryan,Simo,Charlie,Connor,Charles,Jagt,Beef,KJ,3,2,
99,Ryan,Simo,Charlie,Connor,Charles,Jagt,Beef,KJ,3,2,
100,Ryan,Charlie,Connor,KJ,Beef,Simo,Jagt,Charles,3,2,
101,Ryan,Charlie,Connor,KJ,Beef,Simo,Jagt,Charles,3,2,
102,Ryan,Charlie,Connor,KJ,Beef,Simo,Jagt,Charles,1,0,1
103,Beef,Ryan,Jagt,Connor,Simo,Charlie,Charles,KJ,3,2,
104,Beef,Ryan,Jagt,Connor,Simo,Charlie,Charles,KJ,2,3,
105,Ryan,Charlie,KJ,Charles,Connor,Jagt,Beef,Simo,5,1,